_id,_form_id,_locale,_savepoint_type,_savepoint_timestamp,_savepoint_creator,_deleted,_data_etag_at_modification,collect_dt,district,facility,interviewer_id,period,q01_comments,q01_lab_at_facility,q02_cd4_machine,q02_comments,q03_1_comments,q03_1_poc_testing,q03_2_comments,q03_2_poc_stockout,q03_cd4_breakdown,q03_comments,q04_comments,q04_vl_machine,q05_comments,q05_vl_breakdown,q06_comments,q06_xpert_machine,q07_comments,q07_xpert_breakdown,q08_comments,q08_tb_microscopy,q09_comments,q09_xray_machine,q10_comments,q10_xray_breakdown,q11_1_comments,q11_1_tb_lam_stockout,q11_comments,q11_tb_lam,q12_comments,q12_crag_tests,q13_1_comments,q13_1_csf_crag_test,q13_2_comments,q13_2_csf_crag_stockout,q13_comments,q13_crag_test_stockout,q14_comments,q14_cotr_stockout,q15a_amphotericin_B_stockout,q15a_comments,q15b_comments,q15b_flucytosine_stockout,q15c_comments,q15c_fluconazole_stockout,q16_1_comments,q16_1_initial_phase_stockout,q16_2_comments,q16_2_cont_phase_stockout,q16_3_3hp_stockout,q16_3_comments,q16_4_Isoniazid_stockout,q16_4_comments,q16a_comments,q16a_rifampicin_stockout,q16b_comments,q16b_isoniazid_stockout,q16c_comments,q16c_pyrazinamide_stockout,q16d_comments,q16d_ethambutol_stockout,q16e_comments,q16e_rifapentine_stockout,q17_1b_abacavir_stockout,q17_1b_comments,q17_1f_Lopinavir_stockout,q17_1f_comments,q17a_comments,q17a_dolutegravir_stockout,q17b_comments,q17b_raltegravir_stockout,q17c_comments,q17c_tenofovir_stockout,q17d_Lamivudine_stockout,q17d_comments,q17e_comments,q17e_emtricitabine_stockout,q17f_comments,q17f_zidovudine_stockout,q17g_comments,q17g_lopinavir_stockout,q17h_atazanavir_stockout,q17h_comments,q17i_comments,q17i_darunavir_stockout,q18a_comments,q18a_hts_register,q18b_ahd_register,q18b_comments,q18c_comments,q18c_tb_register,q18d_art_register,q18d_comments,q18e_comments,q18e_e_register,q19a_comments,q19a_hts_register_used,q19b_ahd_register_used,q19b_comments,q19c_comments,q19c_tb_register_used,q19d_art_register_used,q19d_comments,q19e_comments,q19e_e_register_used,q20_comments,q20_place_register_kept,q21_ahd_cards_use,q21_comments,q22_ahd_cards_stockout,q22_comments,q23_art_cards_use,q23_comments,q24_art_cards_stockout,q24_comments,q25_comments,q25_improvised_ahd_registers,q26_comments,q26_tracking_tool,q27_clinicday_for_AHD,q27_comments,q28_comments,q28_dedicated_person_for_ahd,q29_comments,q29_procedures_for_ahd,q30_comments,q30_syt_for_cd4people,q31_comments,q31_triger_serum_crag,q32_comments,q32_referral_for_clinics,q33_comments,q33_proced_for_lab_specimen,q34_comments,q34_followup_for_labspeciment,q35_comments,q35_patient_got_lost,q36_comments,q36_written_procedures_ident,q37_comments,q37_written_procedures_receipt,q38_comments,q38_hub_return_lab_results,q39_comments,q39_proce_at_spoke_sites,q40_ahd_patient_follow,q40_comments,q41_comments,q41_conduct_home_visits,q42_comments,q42_syt_for_outcome_doc,user,_default_access,_group_modify,_group_privileged,_group_read_only,_row_etag,_row_owner
uuid:0102280c-8293-4d1d-aca2-f44598a9b169,commodity_tracker,en_US,INCOMPLETE,2023-11-15T12:38:42.245000000,username:dc40,false,uuid:b9682493-9603-41b9-bbbd-5c2f7f139c10,2023-05-01,3,22,52,1,,0,99,,,,,,99,,,99,,99,,99,,99,,99,,99,,99,,,,1,,99,,,,,,99,,0,1,,,1,,0,,,,,,,,,,0,,0,,0,,0,,0,,,,,,1,,99,,0,0,,,99,,99,,0,99,,,99,,1,1,,,1,1,,,,,1,1,,,1,1,,,,,1,1,,0,,1,,0,,,0,,1,0,,,0,,0,,0,,1,,99,,99,,99,,99,,99,,99,,99,,99,1,,,1,,0,username:dc40,FULL,,,,uuid:92ad1f17-b78d-4c94-8e8e-a74cd08b5b7c,username:dc40
uuid:024b8228-006d-4683-b824-b0cdfb6e3c6e,commodity_tracker,en_US,COMPLETE,2023-12-12T07:09:27.199000000,username:dc47,false,uuid:b9682493-9603-41b9-bbbd-5c2f7f139c10,2023-12-12,4,25,45,2,,0,0,,,,,,99,,,99,,99,,99,,99,,99,,1,,0,,,,1,,99,,,,,,99,,0,99,,,99,,0,,,,,,,,,,0,,0,,0,,0,,0,,,,,,0,,99,,0,0,,,99,,0,,0,99,,,99,,1,1,,,1,1,,,,,1,1,,,1,1,,,,,1,1,,1,,1,,0,,,0,,1,0,,,0,,1,,1,,99,,1,,1,,1,,0,,99,,99,,1,,99,1,,,1,,1,username:dc47,FULL,,,,uuid:5e762727-9549-40a0-91ff-77c0c905233b,username:dc47
uuid:04d596c1-c298-4e33-b406-6ae13f33ed10,commodity_tracker,en_US,COMPLETE,2023-11-13T13:50:32.169000000,username:dc49,false,uuid:b9682493-9603-41b9-bbbd-5c2f7f139c10,2023-11-13,4,24,47,1,,1,1,,,,,,1,,,1,,0,,1,,0,,1,,1,Machine was not functioning in February,1,,,,1,,1,,,,,,0,,0,99,,,99,,0,,,,,,,,,,0,,0,,0,,0,,0,,,,,,0,,99,,0,0,,,99,,0,,0,99,,,99,,1,1,,,1,1,,,,,1,1,,,1,1,,,,Kept in  lockable lockers in each department,1,1,,0,,1,,1,,,1,,1,0,,,1,,1,,1,,1,NA,0,NA,0,NA,0,,0,,1,,1,,1,,1,1,,,1,,1,username:dc49,FULL,,,,uuid:bd569593-14d3-4c07-bdfc-08702c2f933a,username:dc49
uuid:0c94e6a0-d226-4b48-963e-6d11159ad939,commodity_tracker,en_US,INCOMPLETE,2024-03-12T06:27:08.290000000,username:dc49,false,uuid:b9682493-9603-41b9-bbbd-5c2f7f139c10,2024-03-12,4,24,73,,,,,,,,,,,,,,,,,,,,,,,,,,,,,,,,,,,,,,,,,,,,,,,,,,,,,,,,,,,,,,,,,,,,,,,,,,,,,,,,,,,,,,,,,,,,,,,,,,,,,,,,,,,,,,,,,,,,,,,,,,,,,,,,,,,,,,,,,,,,,,,,,,,,,,,,username:dc49,FULL,,,,uuid:02367e89-fb7a-4212-acfa-948243bf3268,username:dc49
uuid:0ef78eb7-d387-4346-93a5-91562c86cd6d,commodity_tracker,en_ZA,COMPLETE,2024-04-05T12:46:04.052000000,username:dc40,false,uuid:b9682493-9603-41b9-bbbd-5c2f7f139c10,2024-04-05,3,22,67,4,,0,99,,,,,,99,,,99,,99,,99,,99,,99,,99,,99,,,,1,,0,,,,,,99,,1,99,,,1,,99,,,,,,,,,,1,,1,,1,,1,,1,,,,,,1,,99,,1,1,,,99,,99,,1,99,,,99,,1,1,,,1,1,,,,,1,1,,,1,1,,,,,1,1,,0,,1,,0,,,0,,1,0,,,1,,1,,1,,99,,99,,99,,99,,99,,99,,99,,99,,99,1,,,1,,1,username:dc40,FULL,,,,uuid:c45f5ca9-e9b0-48b9-9c87-ae8c0e1ecd23,username:dc40
uuid:10feab18-4cfd-4dd5-8045-4df5384501fa,commodity_tracker,en_US,COMPLETE,2023-11-16T12:44:02.963000000,username:dc17,false,uuid:b9682493-9603-41b9-bbbd-5c2f7f139c10,2023-05-01,1,10,17,1,,1,1,,,,,,1,,,1,,0,,1,,0,,1,,1,,1,,,,1,,1,,,,,,0,,1,0,,,0,,1,,,,,,,,,,1,,0,,0,,0,,99,,,,,,0,,0,,0,0,,,99,,0,,0,0,,,0,,1,1,,,1,1,,,,,1,1,,,1,1,,,,,0,1,,0,,1,,0,,,0,,1,0,,,1,,1,,1,,1,,99,,99,,99,,99,,0,,0,,99,,1,0,,,1,,1,username:dc17,FULL,,,,uuid:e8bcabd5-d1b5-4d3c-b8c8-ac5e8967c055,username:dc17
uuid:11cbc82d-f838-4447-84fe-cc2c94053520,commodity_tracker,en_US,COMPLETE,2023-11-16T12:05:14.467000000,username:dc45,false,uuid:b9682493-9603-41b9-bbbd-5c2f7f139c10,2023-11-16,4,29,41,2,,1,1,,,,,,1,,,1,,0,,1,,0,,1,,0,,99,,,,1,,1,,,,,,0,,0,99,,,99,,1,,,,,,,,,,0,,0,,0,,0,,0,,,,,,0,,99,,0,0,,,99,,0,,0,99,,,99,,1,1,,,1,1,,,,,1,1,,,1,1,,,,,0,1,,0,,1,,0,,,0,,1,0,,,0,,1,,1,,0,,1,,1,,1,,0,,99,,99,,1,,99,1,,,1,,1,username:dc45,FULL,,,,uuid:ce6e64da-dfe3-4a18-a916-7a2108b38328,username:dc45
uuid:132202db-fc77-47b5-a98c-8558dde6ab41,commodity_tracker,en_US,COMPLETE,2023-10-31T08:55:42.338000000,username:dc15,false,uuid:b9682493-9603-41b9-bbbd-5c2f7f139c10,2023-07-03,1,13,15,2,Referring to Motebang laboratory,0,0,Referring to Motebang laboratory,,,,,0,No breakdowns reported by laboratory,,99,,99,,99,,99,,99,,0,,99,,,,0,,99,,,,,,99,,0,99,,,99,,1,,,,,,,,,,0,,0,,0,,0,,0,,,,,,0,,99,,0,0,,,99,,0,,0,99,,,99,,1,1,,,1,1,,,,,1,1,,,1,1,,,,,1,1,,0,,1,,0,,,1,,1,0,,,0,,1,,1,,99,,0,,1,,1,,99,,99,,99,,1,,99,1,,,0,,1,username:dc15,FULL,,,,uuid:d1e5d0a4-1bbb-4198-a8fe-bf7e853cc797,username:dc15
uuid:1a598a5f-7f6d-4747-9095-2c2ee9bdeb4e,commodity_tracker,en_ZA,COMPLETE,2023-12-11T18:09:05.310000000,username:dc47,false,uuid:b9682493-9603-41b9-bbbd-5c2f7f139c10,2023-12-11,4,25,57,1,,1,0,,,,,,99,,,99,,99,,99,,99,,99,,1,,0,,,,0,,0,,,,,,99,,0,99,,,99,,1,,,,,,,,,,0,,1,,0,,0,,0,,,,,,0,,99,,0,0,,,99,,0,,0,99,,,99,,1,1,,,1,1,,,,,1,1,,,1,1,,,,Each department keeps its registers,1,1,,0,,1,,0,,,0,,1,0,,,0,,1,They are called,1,,99,,1,,1,,1,,1,,99,,99,,0,,1,1,,,1,,1,username:dc47,FULL,,,,uuid:e8eff26a-dff3-4abf-b69c-0f496c8938ea,username:dc47
uuid:1ccd3677-532f-4f40-af81-6e1fc0681aa2,commodity_tracker,en_ZA,COMPLETE,2024-04-05T08:48:01.370000000,username:dc48,false,uuid:b9682493-9603-41b9-bbbd-5c2f7f139c10,2024-04-05,4,26,74,3,,0,0,,,,,,99,,,0,,99,,0,,99,,0,,0,,99,,,,1,,1,,,,,,0,,0,99,We don't have amphotericin B.,We do not have flucytosine in our facility.,99,,0,,,,,,,,,,0,,0,,1,,0,,0,,,,,,0,Has never been there,0,We only have it as a combination with lamivudine.,1,1,We only have it as a combination with tenofovir,Has never been there,1,We only have it in syrup.,0,,0,1,Hasbnot been there,Has not been there,1,,1,1,,,1,1,,,,,1,1,,,1,1,,,,,0,1,,0,,1,,0,,,1,,1,1,,,1,,1,,1,,1,,1,,1,,1,,0,,0,,1,,0,,0,1,,,0,,1,username:dc48,FULL,,,,uuid:80078723-4a2a-4cd0-a7cb-81a5c258c3c0,username:dc48
uuid:1d796ca4-8964-4f5f-9397-4944ee580c77,commodity_tracker,en_US,COMPLETE,2024-03-12T11:29:45.514000000,username:dc49,false,uuid:b9682493-9603-41b9-bbbd-5c2f7f139c10,2024-03-12,4,24,73,3,,1,1,,,,,,1,From November 2023 till March 2024,,0,,99,,1,4  November  2023 and was restocked on 12 December,0,,1,,1,,0,,,,1,,1,,,,,,99,CTx 480 my out of stock November and December.      All other formulations and doses were available,0,99,,,99,,0,,,,,,,,,,0,Was out of stock only on November,1,,0,,0,Was out of stock on November and purchased on December then was out of stock again from January to February 2024,1,,,,,,0,,99,,0,0,,,99,,0,,0,99,,,99,,1,1,,,1,1,,,,,1,1,,,1,1,,,,,1,1,,0,,1,,0,,,0,,1,0,,,1,The facility use general referral procedure to refer AHD clients,0,Use phone calls to contact clients ,1,,1,,99,,99,,99,,99,,0,,1,,99,,99,0,,,0,,1,username:dc49,FULL,,,,uuid:36e484f5-174a-412d-9af2-6e9b51bd9045,username:dc49
uuid:1f7faffa-c5d1-473c-9926-5eb0b3c28b97,commodity_tracker,en_US,COMPLETE,2024-04-05T08:28:06.837000000,username:dc38,false,uuid:b9682493-9603-41b9-bbbd-5c2f7f139c10,2024-04-05,2,18,65,5,,0,99,,,,,,99,,,99,,99,,99,,99,,99,,99,,99,,,,1,,1,,,,,,0,,1,99,,,99,,0,,,,,,,,,,0,,0,,0,,0,,99,,,,,,0,,0,,0,0,,,99,,0,,0,99,,,99,,1,1,,,1,1,,,,,1,1,,,1,1,,,,,0,1,,0,,1,,0,,,0,,1,0,,,1,,1,,1,,1,,1,,1,,1,,0,,99,,99,,0,,1,1,,,0,,1,username:dc38,FULL,,,,uuid:590248b8-8061-4b0d-b4a5-8f15d23eced4,username:dc38
uuid:20c091c4-8fe1-4af4-8aee-06519dd2156a,commodity_tracker,en_US,COMPLETE,2023-10-31T11:13:35.341000000,username:dc15,false,uuid:b9682493-9603-41b9-bbbd-5c2f7f139c10,2023-10-31,1,13,15,3,Referring to Motebang laboratory,0,0,Referring samples to Motebang laboratory,,,,,1,Lack of reagents,Referring samples to Motebang laboratory,99,Not reported by Motebang laboratory,0,Referring to Motebang laboratory,0,But m,0,,99,,0,,99,,,,99,,99,,,,,,99,,0,99,,,99,,1,,,,,,,,,,0,,0,,0,,0,,0,,,,,,0,,99,,0,0,,,99,,0,,0,99,,,99,,1,1,,,1,1,,,,,1,1,,,1,1,,,,,1,1,,0,,1,,0,,,1,,1,0,,,1,,1,,1,,0,,1,,1,,1,,99,,99,,99,,1,,99,1,,,0,,1,username:dc15,FULL,,,,uuid:73817ce1-c463-4c3c-bc5b-7571a1dc0a18,username:dc15
uuid:20c868dd-64c1-4f0c-80e4-efb15f606df2,commodity_tracker,en_US,COMPLETE,2023-11-06T11:16:35.594000000,username:dc29,false,uuid:b9682493-9603-41b9-bbbd-5c2f7f139c10,2023-07-17,2,16,29,2,,1,1,,,,,,1,,,1,,1,,1,,1,,1,,1,,0,,,,1,,1,,,,,,0,,0,1,,,1,,1,,,,,,,,,,0,,0,,0,,0,,0,,,,,,0,,99,,0,0,,,99,,99,,0,0,,,99,,1,1,,,1,1,,,,,0,0,,,0,0,,,,,0,1,,0,,1,,0,,,1,,1,0,,,0,,0,,0,,0,,99,,99,,99,,99,,99,,99,,99,,99,0,,,0,,0,username:dc29,FULL,,,,uuid:31fb127c-e5f2-4b89-9680-4136be9d9114,username:dc29
uuid:20dd6f54-d182-4939-b6f9-17eea34ae763,commodity_tracker,en_US,COMPLETE,2023-11-10T10:13:04.224000000,username:dc41,false,uuid:b9682493-9603-41b9-bbbd-5c2f7f139c10,2023-11-10,3,21,53,2,,99,99,,,,,,99,,,99,,99,,99,,99,,99,,99,,99,,,,1,,0,,,,,,99,,0,99,,,99,,1,,,,,,,,,,0,,0,,0,,0,,99,,,,,,0,,0,,0,0,,,0,,0,,0,99,,,99,,1,1,,,1,1,,,,,1,1,,,1,1,,,,,1,1,,1,,1,,0,,,99,,1,0,,,1,,1,,1,,99,,1,,1,,0,,0,,99,,99,,1,,0,1,,,1,,1,username:dc41,FULL,,,,uuid:a71b88f2-bd77-4b3e-b420-9460b0772e63,username:dc41
uuid:22078177-db8f-4dda-9522-0e9b4c159728,commodity_tracker,en_US,INCOMPLETE,2023-12-14T13:39:40.318000000,username:dc42,false,uuid:b9682493-9603-41b9-bbbd-5c2f7f139c10,2023-12-14,3,23,54,1,,,,,,,,,,,,,,,,,,,,,,,,,,,,,,,,,,,,,,,,,,,,,,,,,,,,,,,,,,,,,,,,,,,,,,,,,,,,,,,,,,,,,,,,,,,,,,,,,,,,,,,,,,,,,,,,,,,,,,,,,,,,,,,,,,,,,,,,,,,,,,,,,,,,,,,username:dc42,FULL,,,,uuid:b89e40c2-6b29-4f01-b3c1-86f502a4554d,username:dc42
uuid:23749bec-4ba9-465e-8b61-2d44f9709c1a,commodity_tracker,en_US,COMPLETE,2023-11-16T12:40:30.030000000,username:dc11,false,uuid:b9682493-9603-41b9-bbbd-5c2f7f139c10,2023-10-31,1,15,11,3,,99,99,,,,,,99,,,99,,99,,99,,99,,99,,99,,99,,,,1,,99,,,,,,99,,0,99,,,99,,1,,,,,,,,,,0,,0,,0,,0,,0,,,,,,0,,99,,0,0,,,99,,0,,1,99,,,99,,1,1,,,1,1,,,,,1,1,,,1,1,,,,,1,1,,0,,1,,0,,,0,,1,0,,,1,,1,,1,,99,,1,,1,,1,,0,,1,,1,,1,,99,0,,,0,,0,username:dc11,FULL,,,,uuid:909a084a-7551-4707-bd00-82b9e3f2309c,username:dc11
uuid:26e7bc18-b4f9-40ac-ac87-07b49afcbd42,commodity_tracker,en_US,COMPLETE,2023-11-27T14:29:31.620000000,username:dc38,false,uuid:b9682493-9603-41b9-bbbd-5c2f7f139c10,2023-11-27,2,18,38,3,,0,99,,,,,,99,,,99,,99,,99,,99,,99,,99,,99,,,,1,,1,,,,,,0,,1,99,All cryptococcal clients are referred to Ntshekhe,,99,,99,,,,,,,,,,1,,1,,1,,1,,1,,,,,,0,,0,,0,0,,,0,,0,,0,99,We don't have patients on this treatment,,99,,1,1,,,1,1,,,,,1,1,,,1,1,,,,,0,1,,0,,1,,0,,,0,,1,0,,,0,,0,,0,,0,,0,,0,,0,,0,,99,,99,,0,,0,0,,,0,,1,username:dc38,FULL,,,,uuid:23ed7fe4-8a14-42c0-9354-5a8d043ca035,username:dc38
uuid:2aafd5fe-1df9-420e-9d60-8b076538ef12,commodity_tracker,en_ZA,COMPLETE,2024-04-05T12:08:07.481000000,username:dc44,false,uuid:b9682493-9603-41b9-bbbd-5c2f7f139c10,2024-04-05,4,28,76,4,,0,0,They use visitect,,,,,0,,,0,,0,,0,,0,,0,,0,,0,,,,1,,0,,,,,,1,,0,0,,,0,,0,,,,,,,,,,0,,0,,0,,0,,0,,,,,,0,,99,,0,0,,,99,,0,,0,99,,,99,,1,1,,,1,1,,,,,1,1,,,1,1,,,,,1,1,,1,,1,,0,,,0,,1,0,,,1,,1,They are called by tracking team,1,,0,,1,,1,,1,,0,,99,,99,,1,,0,1,,,0,,1,username:dc44,FULL,,,,uuid:90392871-44ff-4ea7-b41c-c5368b11f7d0,username:dc44
uuid:2c49b568-08c2-4e50-8094-de98d1d5348b,commodity_tracker,en_US,COMPLETE,2023-11-16T12:31:37.810000000,username:dc11,false,uuid:b9682493-9603-41b9-bbbd-5c2f7f139c10,2023-07-31,1,15,11,2,,99,99,,,,,,99,,,99,,99,,99,,99,,99,,99,,99,,,,1,,99,,,,,,99,,0,99,,,99,,1,,,,,,,,,,0,,0,,0,,0,,0,,,,,,0,,99,,0,0,,,99,,0,,1,99,,,99,,1,1,,,1,1,,,,,1,1,,,1,1,,,,,1,1,,0,,1,,0,,,0,,1,0,,,1,,1,,1,,99,,1,,1,,1,,0,,1,,99,,1,,1,1,,,0,,1,username:dc11,FULL,,,,uuid:31f02dbf-6311-487b-a7b6-405dac5ddad1,username:dc11
uuid:2dc3a2b9-a2be-47cb-b234-476d321f8d43,commodity_tracker,en_US,COMPLETE,2024-04-04T11:17:35.159000000,username:dc41,false,uuid:b9682493-9603-41b9-bbbd-5c2f7f139c10,2024-04-04,3,21,69,4,,0,0,,,,,,99,,,0,,99,,0,,99,,0,,0,,0,,,Samples are collected and sent to Rebelling hospital,1,Cryptococcal antigen test kits not available,0,,,,,CrAg test kits were never availed to the facility,0,,0,99,,,99,,1,,,,,,,,,,0,,0,,0,,0,,99,,,,,,0,,99,,0,0,,,99,,0,,0,99,,,99,,1,1,,,1,1,,,,,1,1,,,1,1,,,,,1,1,,1,From December to January,1,,0,,,0,,1,0,,,1,,1,,1,,99,,1,,1,,1,No clients were referred,99,,99,,99,,0,,0,1,,If need arises,1,,1,username:dc41,FULL,,,,uuid:0f5f18c6-a4c5-4f2a-910f-82c2f05c19f2,username:dc41
uuid:31659fcd-966f-4661-808c-7554e06411b8,commodity_tracker,en_US,COMPLETE,2024-04-05T10:23:51.093000000,username:dc42,false,uuid:b9682493-9603-41b9-bbbd-5c2f7f139c10,2024-01-31,3,23,70,2,,1,0,,,,,,99,,,1,Lab was not functioning,1,,1,,0,,0,,0,,99,,,,1,,1,,,,,,1,,0,99,,,99,,99,,,,,,,,,,1,,0,,0,,1,,0,,,,,,0,,99,,0,0,,,99,,0,,0,99,,,99,,1,1,,,1,1,,,,,1,1,,,1,1,,,,,1,1,,0,,1,,0,,,0,,1,1,,,1,,1,,1,,1,,1,,1,,1,,0,,99,,99,,1,,0,1,,,1,,1,username:dc42,FULL,,,,uuid:6c737d7a-cfbc-4c8a-885c-19c1f65b9572,username:dc42
uuid:3acb5798-61ca-4f37-a0ff-ec3f23c3f9ed,commodity_tracker,en_ZA,COMPLETE,2024-04-05T09:16:43.553000000,username:dc46,false,uuid:b9682493-9603-41b9-bbbd-5c2f7f139c10,2024-04-05,4,27,75,1,,0,0,,,,,,99,,,0,,99,,0,,99,,0,,0,,99,,,,1,,1,,,,,,1,,0,1,,,1,,1,,,,,,,,,,1,,1,,1,,0,,0,,,,,,0,,0,,0,0,,,99,,0,,0,0,,,99,,1,1,,,1,1,,,,,1,1,,,1,1,,,,,1,1,,0,,1,,0,,,0,,1,0,,,1,,1,,1,,0,,1,,1,,1,,0,,1,,1,,1,,0,0,,,1,,1,username:dc46,FULL,,,,uuid:4838bee0-d0bd-442b-8916-2a5dff250da5,username:dc46
uuid:3c931351-e80c-424c-bbac-8cb983a6db65,commodity_tracker,en_US,COMPLETE,2023-11-16T15:44:50.351000000,username:dc14,false,uuid:b9682493-9603-41b9-bbbd-5c2f7f139c10,2023-11-16,1,12,13,3,Mini LAB,1,1,,,,,,1,Limited reagents ,For specific clients excluding general ART population ,1,,0,,1,,0,,0,,0,,99,,,,1,,1,,,,,,0,,0,99,,,99,,0,,,,,,,,,,0,,0,,0,,0,,0,,,,,,0,,0,,0,0,,,0,,0,,0,0,Ordered for specific clients,Ordered for specific clients ,0,,1,1,,,1,1,,,,,1,1,,,1,1,,,,,1,1,,0,,1,,0,,,0,,1,0,,All nurses are responsible,0,,1,,1,,1,,1,,1,,1,,0,,99,,99,,1,,99,1,,,1,,1,username:dc14,FULL,,,,uuid:50ecc89c-8377-40cb-91e7-933635c84c10,username:dc14
uuid:447e313c-7300-46b5-88a4-2d08f17258e3,commodity_tracker,en_US,COMPLETE,2023-11-16T15:58:16.675000000,username:dc14,false,uuid:b9682493-9603-41b9-bbbd-5c2f7f139c10,2023-07-15,1,12,22,2,Mini lab,1,1,,,,,,1,Limited stock,,1,,0,,1,,1,,0,,0,,99,,,,1,,1,,,,,,0,,0,99,,,99,,0,,,,,,,,,,0,,0,,0,,0,,0,,,,,,0,,0,,0,0,,,0,,0,,0,0,Only ordered for special clients,Ordered for specifi clients,0,,1,0,,,1,1,,,,,1,1,,,1,1,,,,,1,1,,0,,1,,0,,,1,,1,0,,All nurses are responsible,0,,1,,1,,1,,1,,1,,1,,0,,99,,99,,1,,99,1,,,1,,1,username:dc14,FULL,,,,uuid:c97cf81d-eca3-4372-add2-edb5fca6cb67,username:dc14
uuid:48d76082-6850-4e24-a360-1cd5fa177669,commodity_tracker,en_US,COMPLETE,2023-11-16T13:03:23.103000000,username:dc17,false,uuid:b9682493-9603-41b9-bbbd-5c2f7f139c10,2023-10-02,1,10,17,3,,1,1,,,,,,1,,,1,,0,,1,,0,,1,,1,,1,,,,1,,1,,,,,,0,,0,0,,,0,,1,,,,,,,,,,0,,0,,0,,0,,0,,,,,,0,,0,,0,0,,,0,,0,,0,0,,,0,,1,1,,,1,1,,,,,1,1,,,1,1,,,,,0,1,,0,,1,,0,,,0,,1,0,,,1,,1,,1,,1,,99,,99,,99,,99,,0,,0,,0,,1,0,,,1,,1,username:dc17,FULL,,,,uuid:b8470c8f-ea2b-4211-b434-a2d8e89e12d1,username:dc17
uuid:4a6279ec-0246-4391-81ac-a983ed4e7d34,commodity_tracker,en_US,COMPLETE,2023-11-21T13:51:15.611000000,username:dc12,false,uuid:b9682493-9603-41b9-bbbd-5c2f7f139c10,2023-11-21,1,11,18,2,,1,1,,,,,,0,,Sent to Motebang,0,,99,,0,,99,,0,,0,,99,,,,1,,1,,,,,,0,480mg was the only strengt available ,1,99,Not ordered ,Not ordered ,99,,0,,,,,,,,,,0,,0,,0,,0,,0,,,,,,0,Not ordered,99,,0,0,,Not ordered,99,,0,,0,99,Not ordered ,Not ordered ,99,,1,1,,,1,1,,,,,1,0,,,1,1,,,,,1,0,,0,Supplied in May,1,,0,,,0,,1,0,,,1,,0,,1,,1,,0,,1,,1,Follow up not done,0,,99,,99,,1,Not written,1,0,,Tracked like other ART patients,1,,1,username:dc12,FULL,,,,uuid:c958d3e7-cb5b-4286-883f-a08bfe33a460,username:dc12
uuid:530ab834-6088-495e-9c1e-3611f472548f,commodity_tracker,en_US,COMPLETE,2023-11-15T12:52:12.824000000,username:dc40,false,uuid:b9682493-9603-41b9-bbbd-5c2f7f139c10,2023-07-03,3,22,52,2,,0,99,,,,,,99,,,99,,99,,99,,99,,99,,99,,99,,,,1,,0,,,,,,0,,0,1,,,1,,0,,,,,,,,,,0,,0,,0,,0,,0,,,,,,1,,99,,0,0,,,99,,99,,0,99,,,99,,1,1,,,1,1,,,,,1,1,,,1,1,,,,,1,1,,0,,1,,0,,,0,,0,0,,,0,,0,,0,,1,,99,,99,,99,,99,,99,,99,,99,,99,1,,,1,,1,username:dc40,FULL,,,,uuid:0ae951a9-6dd4-4c5d-9df4-34a59a8410cf,username:dc40
uuid:5e8257fd-d4ef-427a-bbf4-ad6ffd2965c3,commodity_tracker,en_US,COMPLETE,2023-11-27T14:18:34.983000000,username:dc38,false,uuid:b9682493-9603-41b9-bbbd-5c2f7f139c10,2023-11-27,2,18,38,2,,99,99,,,,,,99,,,99,,99,,99,,99,,99,,99,,99,,,,0,,1,,,,,,99,,1,99,Cryptococcal clients managed at Ntsekhe,,99,,99,,,,,,,,,,0,,0,,0,,0,,0,,,,,,0,,99,,0,0,,,0,,0,,0,99,We don't have clients on this treatment,We do not have clients on this treatment,99,,1,1,,,1,1,,,,,1,1,,,1,1,,,,,0,1,,0,,1,,0,,,0,,1,0,,,0,,0,,0,,99,,0,,0,,0,,0,,99,,99,,0,,0,0,,,0,,1,username:dc38,FULL,,,,uuid:f3d0b499-3ef8-4bf8-a39a-8fa067fbeea1,username:dc38
uuid:64b15935-90eb-422e-a948-36e4c1c32270,commodity_tracker,en_ZA,COMPLETE,2024-04-05T09:33:16.337000000,username:dc29,false,uuid:b9682493-9603-41b9-bbbd-5c2f7f139c10,2024-01-31,2,16,66,4,,1,1,,,,,,1,,,1,,0,,1,Reagents ran out and tests were only ran on critical patients only,1,,1,,1,,0,,,,1,,1,,,,,,0,,0,1,Expired and only arrived in January ,From 2022 only became available in February 2024,1,,0,,,,,,,,,,99,,0,,0,,0,,0,,,,,,0,,99,,0,0,,,99,Not available in loose doses,99,,0,0,,,99,,1,1,,,1,1,,,,,1,1,Some patients are entered into the register way past their enrollmen as AHD patients,,1,1,,,,Each department keep their register for every current period and stored into records department for previous periods,1,1,,0,,1,,0,,,0,,1,0,AHD patients are seen on their scheduled dates.,,1,,1,,1,,1,,99,,99,,99,,1,,1,,1,,0,,1,1,In the case where the patient missed their appointment ,,1,,1,username:dc29,FULL,,,,uuid:d9a76431-62a6-4205-ad8f-eadb30f135a4,username:dc29
uuid:68c658c8-431a-4d46-a904-e7974eb9fc40,commodity_tracker,en_ZA,COMPLETE,2023-11-15T14:22:20.458000000,username:dc49,false,uuid:b9682493-9603-41b9-bbbd-5c2f7f139c10,2023-11-13,4,24,46,2,,1,1,,,,,,0,,,1,,0,,1,,0,,1,,1,,0,,,,1,,1,,,,,,0,It was out of stock in June 23,1,99,,,99,,1,,,,,,,,,,0,,0,,0,,0,,0,,,,,,0,,99,,0,0,,,99,,0,,0,99,,,99,,1,1,,,1,1,,,,,1,1,,,1,1,,,,In lockable cabinets available in units,1,1,,0,,1,,0,,,0,,1,0,,,1,,1,,1,,1,,99,,99,,99,,99,,1,,1,,99,,99,1,,,1,,1,username:dc49,FULL,,,,uuid:f680278d-b6ae-45e7-bfb9-d4036d6cd01e,username:dc49
uuid:6b433e33-6dca-4a9a-8c21-d3b1ef9ffa62,commodity_tracker,en_US,INCOMPLETE,2023-10-31T14:10:06.430000000,username:dc27,false,uuid:b9682493-9603-41b9-bbbd-5c2f7f139c10,2023-10-31,2,17,37,2,,99,99,,,,,,99,,,99,,99,,99,,99,,99,,99,,99,,,,99,,99,,,,,,99,,1,99,,,99,,99,,,,,,,,,,0,,0,,0,,0,,0,,,,,,0,,0,,0,0,,,99,,0,,0,99,,,99,,1,1,,,1,1,,,,,1,1,,,1,1,,,,,0,1,,0,,1,,0,,,0,,1,0,,,1,,1,,1,,0,,1,,1,,1,,0,,99,,1,,1,,0,1,,,1,,1,username:dc27,FULL,,,,uuid:ac31e684-af7a-44d5-94cb-65767b071990,username:dc27
uuid:6da2555c-a6ed-42b6-b49e-b184b93ee828,commodity_tracker,en_US,INCOMPLETE,2023-10-31T07:47:35.647000000,username:dc15,false,uuid:b9682493-9603-41b9-bbbd-5c2f7f139c10,2023-05-01,1,13,15,1,Referring samples to Motebang laboratory,0,0,Referring samples to Motebang laboratory,,,,,0,,Referring samples to Motebang laboratory,0,,0,Referring to Motebang laboratory,0,,99,,99,Referring to Motebang laboratory,99,,99,,,,0,Referring to Motebang,0,,,,,,0,,0,99,N,,99,,1,,,,,,,,,,0,,0,,0,,0,,0,,,,,,0,,99,,0,0,,,99,,0,,0,99,,,99,,1,1,,,1,1,,,,,1,1,,,1,1,,,,,1,1,,0,,1,,0,,,1,,1,0,,,0,,0,,1,,0,,0,,1,,0,,0,,99,,99,No cartridge at the laboratory,0,,0,1,,,0,,0,username:dc15,FULL,,,,uuid:b2227bd6-75f3-49df-9e1f-a6d423fd8ccc,username:dc15
uuid:6f749903-a2f3-47d0-bc6e-495065f11720,commodity_tracker,en_ZA,COMPLETE,2024-04-05T09:27:09.206000000,username:dc11,false,uuid:b9682493-9603-41b9-bbbd-5c2f7f139c10,2024-04-05,1,15,63,3,,0,0,Visitec is available ,,,,,99,,,0,,99,,0,,99,,0,,0,,99,,,,1,,1,,,,,,1,,1,99,,,99,,99,,,,,,,,,,0,,0,,0,,0,,0,,,,,,0,,99,,0,0,,,99,,0,,0,99,,,99,,1,1,,,1,1,,,,,1,1,,,1,1,,,,,1,1,,0,,1,,0,,,1,,1,0,,,1,,1,,1,,99,,1,,1,,1,,0,,99,,99,,1,,1,1,,,0,,99,username:dc11,FULL,,,,uuid:7fd84587-7e63-45d6-bab9-16e9a230b400,username:dc11
uuid:7419a064-0c8a-4003-9fab-05e6864ec7ac,commodity_tracker,en_ZA,COMPLETE,2024-04-05T09:02:13.163000000,username:dc17,false,uuid:b9682493-9603-41b9-bbbd-5c2f7f139c10,2024-04-05,1,10,61,2,,1,1,,,,,,0,,,1,,0,,1,,0,,1,,1,The xray have not been functional since January ,1,,,,1,,0,,,,,04/04/24 the oder of test kits was made. It will be the first time they are being utilized when  the oder is served.,1,,0,0,,,0,The pharmacy indicated that  the head of pharmacy indicated that  it is expensive so they are not allowed to oder in large quantities ,1,,,,,,,,,,0,,0,,0,,0,,0,,,,,,0,,0,,0,0,,,0,,99,,0,0,,,0,,1,1,,,1,1,,,,,1,1,,,1,0,There is only one art registered. Some  departments  miss transferring  some patients into the register.,,,,1,0,Some uses AHD cards  while in some departments like Tb ward they do not  utilize  them,0,,1,,0,,,0,,1,0,,,0,,1,,1,,1,,99,,99,,99,,99,,1,,0,,0,,1,1,,,0,,99,username:dc17,FULL,,,,uuid:6b528e81-3885-441a-a3c1-f26806d5c44e,username:dc17
uuid:79aa9b45-b693-4d3d-8b15-c9b4dd365f83,commodity_tracker,en_ZA,COMPLETE,2024-04-05T13:37:06.574000000,username:dc14,false,uuid:b9682493-9603-41b9-bbbd-5c2f7f139c10,2022-11-01,1,12,58,5,Mini lab,1,1,,,,,,1,Lack of reagents ,,1,,0,,1,Lack of ,1,,1,,0,,99,,,,1,,1,,,,,,0,,0,99,,,99,,0,,,,,,,,,,0,,0,,1,,0,,0,,,,,,0,,0,Combined with Lamivudine,0,0,Combined with Tenofovir,Not used in this facility ,99,,0,,0,0,,Not used in this facility ,99,,1,1,,,1,1,,,,,1,1,,,1,1,,,,In the records,1,1,,0,,1,,0,,,0,,1,0,They are only enrolled in the study,There is an AHD study nurse,1,,1,,1,,1,,1,,1,,1,They were tracked,1,,1,,1,,1,,0,1,,,0,,1,username:dc14,FULL,,,,uuid:0fa5847f-e784-4f22-a0cd-98293ef52327,username:dc14
uuid:7a56a706-5ce3-42fb-bef5-4be257ced86c,commodity_tracker,en_US,COMPLETE,2023-11-16T12:29:19.164000000,username:dc45,false,uuid:b9682493-9603-41b9-bbbd-5c2f7f139c10,2023-11-16,4,29,41,3,,1,1,,,,,,1,,,1,,0,,1,,0,,1,,99,,99,,,,1,,1,,,,,,0,,0,99,,,99,,1,,,,,,,,,,0,,0,,0,,0,,1,,,,,,0,,99,,0,0,,,99,,0,,0,99,,,99,,1,1,,,1,1,,,,,1,1,,,1,1,,,,,0,1,,0,,1,,0,,,0,,1,0,,,0,,1,,1,,0,,1,,1,,1,,0,,99,,99,,0,,99,1,,,1,,1,username:dc45,FULL,,,,uuid:3a6c79e4-83ea-4642-afe3-b793a48562dc,username:dc45
uuid:7bd62c3f-d856-43e7-8e06-7e12255d3b51,commodity_tracker,en_ZA,INCOMPLETE,2024-04-05T09:44:37.847000000,username:dc14,false,uuid:b9682493-9603-41b9-bbbd-5c2f7f139c10,2022-11-01,1,12,58,5,Mini lab,1,1,,,,,,1,Lack of reagents,,1,,0,,1,Lack of reagents since 2022 Dec,1,,1,,0,,99,,,,1,,1,,,,,,0,,0,,,,,,,,,,,,,,,,,,,,,,,,,,,,,,,,,,,,,,,,,,,,,,,,,,,,,,,,,,,,,,,,,,,,,,,,,,,,,,,,,,,,,,,,,,,,,,,,,,,,,,,,,,,,,,,,,username:dc14,FULL,,,,uuid:11af0104-f708-4873-b426-35de7b8df00a,username:dc14
uuid:7c8d9145-0a50-4afa-839a-90d0e493f613,commodity_tracker,en_ZA,COMPLETE,2024-04-05T08:38:02.656000000,username:dc45,false,uuid:b9682493-9603-41b9-bbbd-5c2f7f139c10,2024-01-31,4,29,71,4,,1,1,,,,,,1,,,0,,99,,1,,1,,1,,0,,99,,,,1,,1,,,,,,1,,0,0,Had never been there in the facility ,Had never been there in the facility ,0,Had been out of stock for the longest time ,1,,,,,,,,,,0,,0,,0,,0,,0,,,,,,0,Had never been there in the facility ,99,,0,0,,Had never been there in the facility ,99,,0,,0,99,Had never been there in the facility ,Had never been there in the facility ,99,,1,1,,,1,1,,,,,1,0,,,1,1,,,,,1,1,,0,,1,,0,,,0,,1,0,,,1,,1,,1,,0,,1,,1,,1,,0,,99,,99,,1,,1,1,,,0,,1,username:dc45,FULL,,,,uuid:7589a1ac-7faa-4fad-94c9-4d040928b653,username:dc45
uuid:809cf1ae-55c2-46fc-b875-d9ed5018ca87,commodity_tracker,en_ZA,COMPLETE,2023-11-17T12:52:32.017000000,username:dc49,false,uuid:b9682493-9603-41b9-bbbd-5c2f7f139c10,2023-11-13,4,24,47,3,,1,1,,,,,,0,,,1,,0,,1,,0,,1,,1,In October the machine was not functioning,1,,,,1,,1,,,,,,0,In July CTX was out of stock ,1,1,Not specified ,Not specified ,1,Has been out of stock since May,1,,,,,,,,,,0,,0,,0,,0,,0,,,,,,0,,99,,0,0,,,99,,0,,0,99,,,99,,1,1,,,1,1,,,,,1,1,,,1,1,,,,,1,1,,0,,1,,0,,,0,,1,0,,,1,,1,,1,,1,,99,,99,,99,,99,,1,,1,,1,,1,1,,,1,,1,username:dc49,FULL,,,,uuid:dd61cdaf-ce93-459f-8a39-fd2a9c316a61,username:dc49
uuid:838aa39e-649c-445d-a192-efa876fdcf79,commodity_tracker,en_US,COMPLETE,2024-02-02T10:29:14.146000000,username:dc15,false,uuid:b9682493-9603-41b9-bbbd-5c2f7f139c10,2024-01-31,1,13,15,2,,0,1,Rapid CD4 testing,,,,,0,,,0,,0,,0,,1,,0,,0,,0,,,,0,Rapid CrAg,1,,,,,,0,,0,99,,,99,,1,,,,,,,,,But limited stock,0,,0,,0,,0,,1,,,,,,0,,99,,0,0,,,99,,0,,0,99,,,99,,1,1,,,1,1,,,,,1,1,,,1,1,,,,,1,1,,0,,1,,0,,,0,,1,1,,,1,,1,,1,,1,,1,,1,,1,,99,,99,,99,,0,,99,1,,We work with village health workers for DOT,0,,1,username:dc15,FULL,,,,uuid:7aaef3da-4938-4ed0-8f8c-ecffbb303b32,username:dc15
uuid:851dab24-371f-4a9d-ba8b-d9d39d786013,commodity_tracker,en_US,INCOMPLETE,2024-04-05T07:49:01.811000000,username:dc38,false,uuid:b9682493-9603-41b9-bbbd-5c2f7f139c10,2024-04-05,2,18,65,4,,0,0,,,,,,0,,,0,,99,,0,,99,,0,,0,,99,,,,1,,1,,,,,,0,,,,,,,,,,,,,,,,,,,,,,,,,,,,,,,,,,,,,,,,,,,,,,,,,,,,,,,,,,,,,,,,,,,,,,,,,,,,,,,,,,,,,,,,,,,,,,,,,,,,,,,,,,,,,,,,,,,username:dc38,FULL,,,,uuid:4ef4b309-b7b1-493e-a217-342068658635,username:dc38
uuid:8c8640df-ade7-46cf-8430-4b3b1df183af,commodity_tracker,en_US,INCOMPLETE,2024-04-05T10:04:52.096000000,username:dc12,false,uuid:b9682493-9603-41b9-bbbd-5c2f7f139c10,2024-01-31,1,11,58,2,,1,0,,,,,,99,,,0,,99,,0,,99,,0,,0,,0,,,,1,,1,,,,,,0,Ctx suspension and tablets,1,99,,,99,,1,,,,,,,,,RHE was out of stock in January ,1,,1,,0,,1,,0,,,,,,0,,99,,99,0,,,99,,0,,0,99,We don't keep,We don't keep ,99,,1,1,,,1,1,,,,,1,0,,,1,1,,,,,0,1,,0,,1,,0,,,0,,1,1,,,1,,1,,1,,1,,1,,1,,1,,0,,99,,99,,99,,,,,,,,,username:dc12,FULL,,,,uuid:2f8e211b-cb23-42d4-a5c9-a5268cf46758,username:dc12
uuid:909c1f9f-9013-4992-8761-dc5a71e868c2,commodity_tracker,en_US,COMPLETE,2023-11-16T13:36:59.703000000,username:dc39,false,uuid:b9682493-9603-41b9-bbbd-5c2f7f139c10,2023-11-16,3,20,49,3,,1,1,,,,,,0,,,1,,0,,0,,0,,1,,1,,1,,,,1,,1,,,,,,0,,0,0,,,0,,0,,,,,,,,,,0,,0,,0,,0,,0,,,,,,0,,99,,0,0,,,99,,0,,0,99,,,99,,1,1,,,1,1,,,,,1,1,,,1,1,,,,,0,1,,0,,1,,0,,,0,,1,0,,,0,,0,,0,,1,,99,,99,,99,,99,,1,,1,,0,,99,0,,,0,,1,username:dc39,FULL,,,,uuid:b8312a4f-8572-4d62-b9e2-9a7f5792fbc6,username:dc39
uuid:90efa535-aad4-40c8-bb1d-08fecdeae4a1,commodity_tracker,en_US,COMPLETE,2023-10-31T13:39:51.818000000,username:dc27,false,uuid:b9682493-9603-41b9-bbbd-5c2f7f139c10,2023-10-31,2,17,37,3,,0,99,,,,,,99,,,99,,99,,99,,99,,99,,99,,99,,,,1,,99,,,,,,99,,0,99,,,99,,99,,,,,,,,,Supplied from other facilities.,1,Supplied by other health facilities.,1,,0,,0,Supplied from other facilities,1,,,,,,0,Supplies ed by other facilities.,1,,0,0,,,99,,0,,0,99,,,99,,1,1,,,1,1,,,,,1,0,,,1,1,,,,,0,1,,0,,1,,0,,,0,,1,0,,,0,,1,,1,,0,,1,,1,,1,,0,,99,,1,,99,,0,1,,,1,,1,username:dc27,FULL,,,,uuid:5694a2a6-1320-43be-895d-b654ab585e69,username:dc27
uuid:9292df8a-4d32-491a-baf5-993268ac55b5,commodity_tracker,en_US,COMPLETE,2023-12-12T05:33:49.741000000,username:dc48,false,uuid:b9682493-9603-41b9-bbbd-5c2f7f139c10,2023-07-01,4,26,40,,,0,0,,,,,,99,,,99,,99,,0,,99,,0,,0,,99,,,,0,,0,,,,,,99,,0,0,,,0,,0,,,,,,,,,,0,,0,,0,,0,,0,,,,,,0,,99,,0,0,,,0,,0,,99,99,,,99,,1,1,,,1,1,,,,,1,99,No AHD register  yet,,1,1,,,,,0,0,,99,,1,,0,,,0,,1,0,,,0,,0,,1,,1,,1,,1,,1,,0,,99,,99,,1,,1,1,,,1,,1,username:dc48,FULL,,,,uuid:2dc6be65-0c58-48f7-980d-4b8c60195bf9,username:dc48
uuid:9604d2d3-117e-4910-a1ed-75bc49b42f71,commodity_tracker,en_US,COMPLETE,2023-11-15T13:56:07.188000000,username:dc40,false,uuid:b9682493-9603-41b9-bbbd-5c2f7f139c10,2023-10-02,3,22,52,3,,0,99,,,,,,99,,,99,,99,,99,,99,,99,,99,,99,,,,1,,99,,,,,,99,,0,1,,,1,,1,,,,,,,,,,1,,0,,1,,1,,1,,,,,,1,,99,,0,0,,,99,,99,,0,99,,,99,,1,1,,,1,1,,,,,1,1,,,1,1,,,,,1,1,,1,,1,,0,,,0,,1,0,,,1,,0,,1,,1,,99,,99,,99,,99,,99,,99,,99,,99,1,,,1,,1,username:dc40,FULL,,,,uuid:33c89fa7-0dba-4d44-862e-fa5622fd9669,username:dc40
uuid:96c056b0-5a59-458b-a886-174f36939c8d,commodity_tracker,en_US,INCOMPLETE,2023-11-14T14:48:22.683000000,username:dc39,false,uuid:b9682493-9603-41b9-bbbd-5c2f7f139c10,,,,49,,,,,,,,,,,,,,,,,,,,,,,,,,,,,,,,,,,,,,,,,,,,,,,,,,,,,,,,,,,,,,,,,,,,,,,,,,,,,,,,,,,,,,,,,,,,,,,,,,,,,,,,,,,,,,,,,,,,,,,,,,,,,,,,,,,,,,,,,,,,,,,,,,,,,,,,username:dc39,FULL,,,,uuid:0b2f72e6-0c91-428d-b863-19b47f4ef41e,username:dc39
uuid:973b4eb4-7f74-4b94-9d2c-63689e9f0ea7,commodity_tracker,en_US,COMPLETE,2023-11-16T13:15:29.306000000,username:dc39,false,uuid:b9682493-9603-41b9-bbbd-5c2f7f139c10,2023-11-16,3,20,49,2,,1,1,,,,,,1,Stock out from 01-23/08/2023,,1,,0,,1,,0,,1,,1,,0,,,,1,,1,,,,,,0,,1,0,,,0,,0,,,,,,,,,,0,,0,,0,,0,,0,,,,,,0,,99,,0,0,,,99,,0,,1,99,,,99,,1,1,,,1,1,,,,,1,1,,,1,1,,,,,0,1,,0,,1,,0,,,0,,1,0,,,0,,1,,0,,1,,99,,99,,99,,99,,0,,1,,0,,99,0,,,0,,1,username:dc39,FULL,,,,uuid:0a3da8d2-bff7-456a-aa0b-cebce283e850,username:dc39
uuid:973bdec1-42f0-4074-93b6-e6b5bce037fc,commodity_tracker,en_US,COMPLETE,2023-11-16T11:34:08.412000000,username:dc39,false,uuid:b9682493-9603-41b9-bbbd-5c2f7f139c10,2023-11-16,3,20,49,1,District hospital,1,1,,,,,,0,,,1,,0,,1,,0,,1,,1,,0,,,,1,,1,,,,,,0,,0,0,,,0,,0,,,,,,,,,,0,,0,,0,,0,,0,,,,,,0,,99,,0,0,,,99,,0,Os in May,1,99,,,99,,1,1,,,1,1,,,,,1,1,,,0,1,,,,,0,1,,0,,1,,0,,,0,,1,0,,,0,,1,,0,,1,,99,,99,,99,,99,,1,,1,,0,,99,0,,,0,,1,username:dc39,FULL,,,,uuid:47c4bc1d-f6dc-4345-8f94-ab93e1cddb31,username:dc39
uuid:9a13c3db-2adb-475c-808e-20a723ca2126,commodity_tracker,en_US,COMPLETE,2023-11-03T10:49:07.502000000,username:dc41,false,uuid:b9682493-9603-41b9-bbbd-5c2f7f139c10,2023-11-03,3,21,53,1,,99,0,,,,,,99,,,99,,99,,99,,99,,99,,99,,99,,,Referred to Tebellong Lab,1,,99,,,,,,99,,1,99,,,99,,1,,,,,,,,,,0,,0,,0,,0,,0,,,,,,0,,99,,99,99,,,99,,0,,0,99,,,99,,1,1,,,1,1,,,,,1,1,,,1,1,,,,,1,1,,0,,1,,0,,,0,,1,0,,,1,,1,,1,,1,,1,,1,,1,,0,,99,,99,,1,,0,1,,,1,,1,username:dc41,FULL,,,,uuid:c1e59c02-a6f1-4ee4-b0a9-212806343523,username:dc41
uuid:9bed034f-3dbe-4fbb-97a8-06c4ae1fdd99,commodity_tracker,en_ZA,COMPLETE,2023-11-16T13:53:54.688000000,username:dc44,false,uuid:b9682493-9603-41b9-bbbd-5c2f7f139c10,2023-11-16,4,28,43,1,,99,99,,,,,,99,,,99,,99,,99,,99,,99,,99,,99,,,,1,,0,,,,,,99,,0,99,No stock for cryptococcal disease,,99,,99,,,,,,,,,,1,,1,,0,,0,,0,,,,,,0,,0,,0,0,,,99,,0,,0,99,,,99,,1,1,,,1,1,,,,,1,1,,,1,1,,,,,0,1,,0,,1,,0,,,0,,1,0,,,1,,0,,0,,1,,0,,0,,0,,0,,99,,99,,0,,0,0,,,0,,0,username:dc44,FULL,,,,uuid:8b9d389c-a4f7-4510-a797-2fb3e1ff5571,username:dc44
uuid:9e12596f-49b8-4e04-bca4-14b0ed4e48e3,commodity_tracker,en_US,COMPLETE,2023-11-16T12:54:27.715000000,username:dc17,false,uuid:b9682493-9603-41b9-bbbd-5c2f7f139c10,2023-07-03,1,10,17,2,,1,1,,,,,,1,,,1,,0,,1,,0,,1,,1,,1,,,,1,,1,,,,,,0,,1,0,,,0,,1,,,,,,,,,,0,,0,,0,,0,,0,,,,,,0,,0,,0,0,,,0,,0,,0,0,,,0,,1,1,,,1,1,,,,,1,1,,,1,1,,,,,0,1,,0,,1,,0,,,0,,1,0,,,1,,1,,1,,1,,99,,99,,99,,99,,0,,0,,0,,0,0,,,1,,1,username:dc17,FULL,,,,uuid:897cc545-3ba0-400d-bf6a-88ab127fe7c4,username:dc17
uuid:a08b448a-0f32-4fb2-a0d3-0094ae6a9d3f,commodity_tracker,en_US,COMPLETE,2023-11-06T09:54:08.935000000,username:dc29,false,uuid:b9682493-9603-41b9-bbbd-5c2f7f139c10,2023-11-06,2,16,29,1,,1,1,,,,,,1,,,1,,1,,1,,1,,1,,1,,1,,,,1,,1,,,,,,0,,1,1,,,1,,1,,,,,,,,,,0,,0,,0,,0,,0,,,,,,0,,99,,0,0,,,99,,99,,0,0,,,99,,1,1,,,1,1,,,,,0,0,,,1,0,,,,,0,1,,1,,1,,0,,,1,,1,0,,,0,,0,,0,,0,,99,,99,,99,,99,,0,,0,,99,,99,0,,,0,,1,username:dc29,FULL,,,,uuid:096757ed-0864-49f8-9b55-a86fd319adef,username:dc29
uuid:a4c23aee-ad79-4496-b5cd-8fa112e51e23,commodity_tracker,en_US,COMPLETE,2023-11-21T14:09:50.171000000,username:dc12,false,uuid:b9682493-9603-41b9-bbbd-5c2f7f139c10,2023-11-21,1,11,18,2,,1,1,,,,,,0,,,0,,99,,0,,99,,0,,0,,99,,,,1,,1,,,,,,0,All streghts available ,0,99,Not ordered ,Not ordered ,99,,1,,,,,,,,,,0,,0,,0,,0,,0,,,,,,0,Not ordered ,99,,0,0,,Not ordered ,99,,0,,0,99,Not ordered ,Not ordered ,99,,1,1,,,1,1,,,,,1,0,,,1,1,,,,,1,0,,0,,1,,0,,,0,,1,0,,,1,,1,Like all other ART patients,1,,1,We call call the DTA,1,,1,,1,,0,,99,,99,,0,Not written,1,0,,They are tracked like other ART patientsr  patients ,1,,1,username:dc12,FULL,,,,uuid:38faf680-eb16-413f-9924-d3bfbc45ee2d,username:dc12
uuid:a5391dbc-005a-45a9-b63c-91af6e41705f,commodity_tracker,en_US,COMPLETE,2024-04-05T08:20:12.041000000,username:dc38,false,uuid:b9682493-9603-41b9-bbbd-5c2f7f139c10,2024-04-05,2,18,65,4,,0,99,,,,,,99,,,99,,99,,99,,99,,99,,99,,99,,,,1,,1,,,,,,0,,0,99,,,99,,0,,,,,,,,,,0,,0,,1,,0,,0,,,,,,0,,0,,0,0,,,99,,0,,0,99,,,99,,1,1,,,1,1,,,,,1,1,,,1,1,,,,,0,1,,0,,1,,0,,,0,,1,0,,,1,,1,,1,,1,,1,,1,,1,,0,,99,,99,,0,,1,1,,,0,,1,username:dc38,FULL,,,,uuid:fbacd9b6-8829-4df9-a4f6-b91fe9590a27,username:dc38
uuid:a9470f31-3a64-47c1-9648-538d2399d0ce,commodity_tracker,en_US,COMPLETE,2023-11-20T11:05:28.841000000,username:dc16,false,uuid:b9682493-9603-41b9-bbbd-5c2f7f139c10,2023-10-30,1,14,27,2,,99,99,,,,,,0,,,0,,0,,99,,99,,99,,99,,99,,,Staff not capacitated,0,,99,,,,,,99,,0,99,,,99,,1,,,,,,,,,,0,,0,,0,,0,,0,,,,,,0,,99,,0,0,,,99,,0,,0,99,,,99,,1,1,,,1,1,,,,,1,1,,,1,1,,,,,0,1,,1,,1,,0,,,0,,1,0,,,0,,0,,0,,0,,0,,1,,1,,0,,99,,99,,0,,0,1,,,1,,1,username:dc16,FULL,,,,uuid:54395b83-7fa8-4830-8357-648bbf9f4408,username:dc16
uuid:abf2459d-867d-4476-9f34-cf98c8d69c2f,commodity_tracker,en_US,INCOMPLETE,2023-11-16T08:38:49.631000000,username:dc39,false,uuid:b9682493-9603-41b9-bbbd-5c2f7f139c10,2023-11-16,,,49,,,,,,,,,,,,,,,,,,,,,,,,,,,,,,,,,,,,,,,,,,,,,,,,,,,,,,,,,,,,,,,,,,,,,,,,,,,,,,,,,,,,,,,,,,,,,,,,,,,,,,,,,,,,,,,,,,,,,,,,,,,,,,,,,,,,,,,,,,,,,,,,,,,,,,,,username:dc39,FULL,,,,uuid:0d343250-60ab-4638-b58a-0b7b942b3af3,username:dc39
uuid:ac5123f1-7ba9-401f-967d-2127744152cb,commodity_tracker,en_US,INCOMPLETE,2023-11-13T12:44:08.161000000,username:dc49,false,uuid:b9682493-9603-41b9-bbbd-5c2f7f139c10,2023-05-31,4,24,47,1,,1,1,,,,,,1,,,1,,,,,,,,,,,,,,,,,,,,,,,,,,,,,,,,,,,,,,,,,,,,,,,,,,,,,,,,,,,,,,,,,,,,,,,,,,,,,,,,,,,,,,,,,,,,,,,,,,,,,,,,,,,,,,,,,,,,,,,,,,,,,,,,,,,,,,,,,,,username:dc49,FULL,,,,uuid:0a86515b-0b3f-419b-bd6b-81d9d3d61af1,username:dc49
uuid:af3d2e01-c7ee-411e-8b5a-221a3302a40f,commodity_tracker,en_ZA,COMPLETE,2023-11-16T14:34:56.638000000,username:dc44,false,uuid:b9682493-9603-41b9-bbbd-5c2f7f139c10,2023-11-16,4,28,43,3,,99,99,,,,,,99,,,99,,99,,99,,99,,99,,99,,99,,,,1,,0,,,,,,99,,0,99,,,99,,99,,,,,,,,,,0,,1,,0,,0,,0,,,,,,0,,99,,0,0,,,99,,0,,0,99,,,99,,1,1,,,1,1,,,,,1,1,,,1,1,,,,,0,1,,0,,1,,0,,,0,,1,0,,,1,,0,,0,,1,,0,,0,,0,,0,,99,,99,,1,,0,0,,,0,,0,username:dc44,FULL,,,,uuid:8189a3e6-63e7-4357-a137-ab0b42e32bce,username:dc44
uuid:b2076ed7-6c1f-42b0-aaa1-d2f1a87e7cc4,commodity_tracker,en_ZA,INCOMPLETE,2024-04-05T11:32:18.565000000,username:dc40,false,uuid:b9682493-9603-41b9-bbbd-5c2f7f139c10,2024-04-05,3,22,67,3,,0,99,,,,,,99,,,99,,99,,99,,99,,99,,99,,99,,,,1,,,,,,,,99,,,,,,,,,,,,,,,,,,,,,,,,,,,,,,,,,,,,,,,,,,,,,,,,,,,,,,,,,,,,,,,,,,,,,,,,,,,,,,,,,,,,,,,,,,,,,,,,,,,,,,,,,,,,,,,,,,,username:dc40,FULL,,,,uuid:5e572ff3-17ca-4b7b-85ad-2d45c7d497a1,username:dc40
uuid:b9b35a39-5cf8-42d0-aa92-ccca29787fe3,commodity_tracker,en_US,COMPLETE,2024-04-05T10:16:25.810000000,username:dc37,false,uuid:b9682493-9603-41b9-bbbd-5c2f7f139c10,2024-04-05,2,17,64,2,,99,99,,,,,,99,,,99,,99,,99,,99,,99,,99,,99,,,,1,,1,,,,,,0,,0,99,,,99,,0,,,,,,,,,,1,,0,,0,,0,,99,,,,,,1,,99,,1,1,,,99,,1,,1,99,,,99,,1,1,,,1,1,,,,,1,1,,,1,1,,,,,1,1,,0,,1,,0,,,0,,1,0,,,1,,1,,1,,0,,1,,1,,1,,0,,99,,99,,1,,1,1,,,1,,1,username:dc37,FULL,,,,uuid:8498c94a-dc2d-410f-a999-fe606a4f472d,username:dc37
uuid:bc2b51ca-2d26-4808-800e-8363173e5e4f,commodity_tracker,en_ZA,COMPLETE,2023-11-16T14:24:44.928000000,username:dc44,false,uuid:b9682493-9603-41b9-bbbd-5c2f7f139c10,2023-11-16,4,28,43,2,,99,99,,,,,,99,,,99,,99,,99,,99,,99,,99,,99,,,,1,,0,,,,,,99,,0,99,,,99,,99,,,,,,,,,,0,,1,,0,,0,,0,,,,,,0,,99,,0,0,,,99,,0,,0,99,,,99,,1,1,,,1,1,,,,,1,1,,,1,1,,,,,0,1,,0,,1,,0,,,0,,1,0,,,1,,0,,0,,1,,0,,0,,0,,0,,99,,99,,1,,0,0,,,0,,0,username:dc44,FULL,,,,uuid:8f868e2b-93c3-49ed-a734-b4be45b6027c,username:dc44
uuid:c1c6311b-aa2d-4336-9fe8-72e97f58b460,commodity_tracker,en_US,COMPLETE,2023-11-06T11:29:37.667000000,username:dc29,false,uuid:b9682493-9603-41b9-bbbd-5c2f7f139c10,2023-11-02,2,16,29,3,,1,1,,,,,,1,,,1,,0,,1,,1,,1,,1,,0,,,,1,,1,,,,,,0,,0,1,,,1,,1,,,,,,,,,,0,,0,,0,,0,,0,,,,,,0,,99,,0,0,,,99,,99,,0,0,,,99,,1,1,,,1,1,,,,,0,0,,,0,0,,,,,0,1,,0,,1,,0,,,0,,1,0,,,0,,0,,0,,0,,99,,99,,99,,99,,99,,99,,99,,99,0,,,0,,1,username:dc29,FULL,,,,uuid:a7605e8c-be57-4481-9aca-927e05491675,username:dc29
uuid:c2131651-5b73-41a9-8d4a-794e4e8acb84,commodity_tracker,en_US,INCOMPLETE,2023-10-31T14:11:05.530000000,username:dc27,false,uuid:b9682493-9603-41b9-bbbd-5c2f7f139c10,2023-10-31,2,17,37,1,,99,99,,,,,,99,,,99,,99,,99,,99,,99,,99,,99,,,,99,,99,,,,,,99,,1,99,,,99,,1,,,,,,,,,,0,,0,,0,,0,,0,,,,,,0,,0,,0,0,,,99,,0,,0,99,,,99,,1,1,,,1,1,,,,,1,0,,,1,1,,,,,0,1,,1,,1,,0,,,0,,1,0,,,0,,1,,1,,0,,1,,1,,1,,0,,99,,1,,1,,1,1,,,1,,1,username:dc27,FULL,,,,uuid:77f8066f-7832-4643-84ac-a94e9411c7e5,username:dc27
uuid:c60c8d38-157c-4401-b95a-0bd7bd899c66,commodity_tracker,en_US,INCOMPLETE,2023-11-20T11:07:19.380000000,username:dc16,false,uuid:b9682493-9603-41b9-bbbd-5c2f7f139c10,2023-11-20,1,14,16,1,,,,,,,,,,,,,,,,,,,,,,,,,,,,,,,,,,,,,,,,,,,,,,,,,,,,,,,,,,,,,,,,,,,,,,,,,,,,,,,,,,,,,,,,,,,,,,,,,,,,,,,,,,,,,,,,,,,,,,,,,,,,,,,,,,,,,,,,,,,,,,,,,,,,,,,username:dc16,FULL,,,,uuid:894db669-eedc-4a27-a159-2f0d681f0caf,username:dc16
uuid:cccc7750-e503-437c-ad12-430b5cd02de4,commodity_tracker,en_ZA,INCOMPLETE,2024-04-05T12:29:15.452000000,username:dc47,false,uuid:b9682493-9603-41b9-bbbd-5c2f7f139c10,2024-04-05,4,25,72,2,The facility still refers some samples to the main lab for testing,1,1,,,,,,0,,,1,,0,,,,,,,,,,,,,,,,,,,,,,,,,,,,,,,,,,,,,,,,,,,,,,,,,,,,,,,,,,,,,,,,,,,,,,,,,,,,,,,,,,,,,,,,,,,,,,,,,,,,,,,,,,,,,,,,,,,,,,,,,,,,,,,,,,,,,,,,,username:dc47,FULL,,,,uuid:79e46e9c-11cb-4919-985f-cbd8fcd83b0c,username:dc47
uuid:cd12c7f5-8a1c-4418-91a2-756874c2fc41,commodity_tracker,en_US,COMPLETE,2023-12-12T05:45:34.064000000,username:dc48,false,uuid:b9682493-9603-41b9-bbbd-5c2f7f139c10,2023-10-01,4,26,40,,,0,0,,,,,,99,,,0,,99,,0,,99,,0,,0,,99,,,,1,,0,,,,,,99,,0,0,,,0,,0,,,,,,,,,,0,,0,,0,,0,,0,,,,,,0,,99,,0,0,,,0,,0,,99,99,,,99,,1,1,,,1,1,,,,,1,1,,,1,1,,,,,0,1,,0,,1,,0,,,0,,1,0,,,1,,1,,1,,1,,1,,1,,1,,0,,99,,99,,1,,1,1,,,1,,1,username:dc48,FULL,,,,uuid:a123fe2c-f7e5-4e26-a90f-c00f5ece2b56,username:dc48
uuid:cfaf340d-d2f2-4c5f-a45b-40e65e430d88,commodity_tracker,en_US,COMPLETE,2023-11-16T16:54:28.442000000,username:dc42,false,uuid:b9682493-9603-41b9-bbbd-5c2f7f139c10,2023-11-16,3,23,54,1,,99,99,,,,,,99,,,99,,99,,99,,99,,99,,99,,99,,,Kid available but never been in use and expires Dec 2023,0,,0,,,,,,99,It was out of stock from NDSO,1,99,,,99,,99,,,,,,,,,,0,,0,,0,,0,,0,,,,,,0,,99,,0,0,,,99,,0,,0,99,,,99,,1,1,,,1,1,,,,,1,0,Some columns we're not documented,,1,0,Some baseline information is missing e.g baseline cd4,,,,1,1,,0,,0,,0,,,0,,1,1,,,99,,1,,0,,99,,1,,1,,1,,0,,99,,99,,99,,0,0,,Only done to TB patients,1,,1,username:dc42,FULL,,,,uuid:1070dbb4-e572-411a-bd47-60fbac0faac2,username:dc42
uuid:d09c1faf-ab14-4158-8588-f0f5587e7f83,commodity_tracker,en_ZA,INCOMPLETE,2024-04-05T13:50:14.319000000,username:dc47,false,uuid:b9682493-9603-41b9-bbbd-5c2f7f139c10,2024-04-05,4,25,72,2,,0,1,,,,,,0,,,0,,99,,0,,99,,0,,1,,1,,,,1,,1,,,,,,0,,0,99,,,99,,0,,,,,,,,,,0,,0,,0,,0,,0,,,,,,0,,99,,0,0,,,99,,0,,0,99,,,99,,1,1,,,1,1,,,,,1,1,,,1,1,,,,,1,1,,0,,1,,0,,,0,,1,0,,,1,,1,,1,,1,,99,,1,,1,,99,,99,,99,,1,,0,1,,,0,,1,username:dc47,FULL,,,,uuid:58375282-1547-4f56-b211-01a821cc9a34,username:dc47
uuid:d0ea7cfd-4cc9-40b7-8e72-2eb3a6c60ce3,commodity_tracker,en_US,COMPLETE,2023-11-16T14:48:04.788000000,username:dc14,false,uuid:b9682493-9603-41b9-bbbd-5c2f7f139c10,2023-05-15,1,12,13,1,Mini Lab,1,1,,,,,,1,Lack of reagents,,1,,0,,0,,99,,0,,0,,99,,,,1,,1,,,,,,0,Only limited stock,0,99,,,99,Limited stock,0,,,,,,,,,,0,,0,,0,,0,,0,,,,,,0,Only for special clients,0,,0,0,,Only for special clients ,0,,0,,0,99,,,99,,1,1,,,1,1,,,,,1,1,,,1,1,,,,,1,1,,1,,1,,0,,,1,,1,0,,All nurses are responsible,0,,1,,1,,1,,1,,1,,1,,0,,99,,99,,1,,99,1,,,1,,1,username:dc14,FULL,,,,uuid:43a36bad-e97b-4273-9703-34aee98c9b83,username:dc14
uuid:d519b2f3-cd90-4b0a-b2aa-8d0327af7d3e,commodity_tracker,en_US,COMPLETE,2023-11-01T13:21:32.242000000,username:dc38,false,uuid:b9682493-9603-41b9-bbbd-5c2f7f139c10,2023-11-01,2,18,38,1,,0,99,,,,,,99,,,99,,99,,99,,99,,99,,99,,99,,,,1,,1,,,,,,0,,0,99,,,99,,99,,,,,,,,,,1,,1,,1,,1,,1,,,,,,0,,0,,0,0,,,0,,1,,0,99,,,99,,1,1,,,1,1,,,,,1,1,,,1,1,,,,,0,1,,0,,1,,0,,,0,,1,0,,All facility nurses are responsible,0,,0,,0,,99,,0,,1,,0,,0,,99,,99,,0,,0,0,,,0,,0,username:dc38,FULL,,,,uuid:0c512573-53db-4530-b232-b998094f5a0c,username:dc38
uuid:d5781633-e479-4368-9f6d-6c76429b40a2,commodity_tracker,en_US,COMPLETE,2023-11-20T10:40:22.052000000,username:dc16,false,uuid:b9682493-9603-41b9-bbbd-5c2f7f139c10,2023-10-30,1,14,16,1,,0,0,,,,,,0,,,0,,0,,0,,99,,0,,99,,99,,,,0,,99,,,,,,99,,0,99,,,99,,1,,,,,,,,,,0,,0,,0,,0,,0,,,,,,0,,99,,0,0,,,99,,0,,0,99,,,99,,1,1,,,1,1,,,,,1,1,,,1,1,,,,,0,1,,0,,1,,0,,,1,,1,0,,,0,,0,,0,,99,,99,,1,,99,,99,,99,,99,,0,,99,1,,,1,,1,username:dc16,FULL,,,,uuid:da692a0b-05be-404c-8b84-614e7d0c23ed,username:dc16
uuid:d5f7746b-6ced-409f-88b7-7a6710ac24c9,commodity_tracker,en_ZA,COMPLETE,2024-04-04T14:26:10.996000000,username:dc39,false,uuid:b9682493-9603-41b9-bbbd-5c2f7f139c10,2024-01-24,3,20,48,4,,1,0,,,,,,0,,"Only Point of Care machine for high VL,pregnant and breastfeeding ",0,,0,,1,,1,,0,,1,,0,,,,1,,1,,,,,,0,,0,0,,,0,,1,,,,,,,,,,1,,1,,1,,1,Drug stock out in December ,1,,,,,,0,,99,,0,0,,,99,,0,,0,1,,,99,,1,1,,,1,1,,,,,1,0,,,1,1,,,,,0,1,,0,,1,,0,,,0,,1,0,,,0,,0,,1,,1,,99,,99,,99,,99,,0,,1,,1,,0,1,,,0,,0,username:dc39,FULL,,,,uuid:df491418-7e50-4cba-9a67-32cd0d83213b,username:dc39
uuid:d7c3b5f1-a42d-4695-9063-daa41727c185,commodity_tracker,en_US,COMPLETE,2024-04-05T10:43:52.296000000,username:dc12,false,uuid:b9682493-9603-41b9-bbbd-5c2f7f139c10,2024-01-31,1,11,58,2,,1,0,,,,,,99,,,0,,99,,99,,99,,0,,0,,99,,,,1,,1,,,,,,0,Both suspension and tablets ,1,99,,,99,,1,,,,,,,,,There was no RHE in January ,1,,0,,1,,1,,99,,,,,,0,,99,,0,0,,,99,,0,,0,99,,,99,,1,1,,,1,1,,,,,1,0,,,1,1,,,,,0,1,,0,,1,,0,,,0,,1,1,,,1,,1,,1,,1,,1,,1,,1,,0,,99,,99,The hub returned of some but not all results ,0,,0,1,,,1,,1,username:dc12,FULL,,,,uuid:d555c539-d7a9-459b-8a59-62d2fc2cc51e,username:dc12
uuid:dafe7384-8c76-4dcd-a016-e4ae169e97e5,commodity_tracker,en_US,COMPLETE,2023-11-10T10:55:36.679000000,username:dc41,false,uuid:b9682493-9603-41b9-bbbd-5c2f7f139c10,2023-11-10,3,21,53,3,,99,99,,,,,,99,,,99,,99,,99,,99,,99,,99,,99,,,,1,,0,,,,,,0,,0,99,,,99,,1,,,,,,,,,,0,,0,,0,,0,,0,,,,,,0,,99,,0,0,,,99,,0,,0,99,,,99,,1,1,,,1,1,,,,,1,1,,,1,1,,,,,1,1,,1,,1,,0,,,99,,1,0,,,1,,1,,1,,99,,1,,1,,0,,0,,99,,99,,1,,0,1,,,1,,1,username:dc41,FULL,,,,uuid:7f8013e9-090b-4f93-850d-92bf2c8132aa,username:dc41
uuid:dd7ec21d-8086-4a50-9667-142be949df54,commodity_tracker,en_US,INCOMPLETE,2023-11-16T14:28:35.454000000,username:dc14,false,uuid:b9682493-9603-41b9-bbbd-5c2f7f139c10,2023-11-16,1,12,22,1,Mini lab,1,1,,,,,,1,Lack of reagents,,1,,0,,1,,0,,1,,0,,99,,,,1,,1,,,,,,0,,0,99,,,99,,0,,,,,,,,,,0,,0,,0,,0,,0,,,,,,0,,1,,0,0,,,99,,0,,0,0,,,99,,1,1,,,1,1,,,,,1,1,,,1,1,,,,,1,1,,0,,1,,0,,,0,,1,0,,All nurses do the work,0,,0,,1,,1,Mini lab,0,Mini lab,1,Mini lab,1,,0,,99,,99,Mini lab,1,,99,1,,Follow up by RCW,1,,1,username:dc14,FULL,,,,uuid:84afebca-c2f8-4f26-a6b7-0aabb1208dd6,username:dc14
uuid:df648310-1762-4448-8aa8-2f3686d65f23,commodity_tracker,en_US,COMPLETE,2023-11-10T10:13:13.366000000,username:dc16,false,uuid:b9682493-9603-41b9-bbbd-5c2f7f139c10,2023-10-02,1,14,28,3,,99,99,,,,,,1,,,99,,0,,99,,99,,99,,99,,99,,,,1,,99,,,,,,99,,0,99,,,99,,1,,,,,,,,,,0,,0,,0,,0,,0,,,,,,0,,99,,0,0,,,99,,0,,0,99,,,99,,1,1,,,1,1,,,,,1,1,,,1,1,,,,,0,1,,0,,1,,0,,,0,,1,0,,,0,,0,,0,,0,,0,,1,,1,,0,,99,,99,,0,,1,1,,,1,,1,username:dc16,FULL,,,,uuid:a30b8b1e-812d-4eeb-8c48-01be0c95de29,username:dc16
uuid:e2961cc5-064f-4f4e-aee4-b29bf60c0153,commodity_tracker,en_US,INCOMPLETE,2023-11-16T11:09:40.207000000,username:dc14,false,uuid:b9682493-9603-41b9-bbbd-5c2f7f139c10,,,,20,,,,,,,,,,,,,,,,,,,,,,,,,,,,,,,,,,,,,,,,,,,,,,,,,,,,,,,,,,,,,,,,,,,,,,,,,,,,,,,,,,,,,,,,,,,,,,,,,,,,,,,,,,,,,,,,,,,,,,,,,,,,,,,,,,,,,,,,,,,,,,,,,,,,,,,,username:dc14,FULL,,,,uuid:1538c19f-0c77-4a82-8501-bcf70aa68845,username:dc14
uuid:e701d7bf-b4d4-4698-a965-e30e5de49a20,commodity_tracker,en_US,COMPLETE,2023-11-16T11:44:08.065000000,username:dc45,false,uuid:b9682493-9603-41b9-bbbd-5c2f7f139c10,2023-11-16,4,29,41,1,,1,1,,,,,,1,,,1,,0,,1,,0,,1,,0,,99,,,,1,,1,,,,,,0,,0,1,,,1,,1,,,,,,,,,,0,,0,,0,,0,,0,,,,,,0,,99,,0,0,,,99,,0,,0,99,,,99,,1,1,,,1,1,,,,,1,1,,,1,1,,,,,0,1,,0,,1,,0,,,0,,1,0,,,0,,1,,1,,0,,1,,1,,1,,0,,99,,99,,1,,0,1,,,0,,1,username:dc45,FULL,,,,uuid:e4084c8b-8682-4f75-ae5c-4ce15fbc8bc4,username:dc45
uuid:f4c4ed35-937a-4460-94fc-ff8808c8dbd1,commodity_tracker,en_US,COMPLETE,2023-11-22T14:12:34.286000000,username:dc12,false,uuid:b9682493-9603-41b9-bbbd-5c2f7f139c10,2023-11-22,1,11,18,3,,1,1,,,,,,0,,,99,Sent to Motebang,99,,0,,99,,0,,0,,99,,,,0,,1,,,,,,0,Was available,0,99,Not ordered,Not ordered,99,,1,,,,,,,,,,0,,0,,0,,0,,0,,,,,,0,Not ordered ,99,Ordered,99,0,,Not ordered,99,,0,,0,99,Not ordered,Not ordered,99,,1,1,,,1,1,,,,,1,0,,,1,1,,,,,1,1,,0,,1,,0,,,0,,1,0,,,1,Call DTA,1,Telephonically,1,,1,,1,,1,,1,,0,,99,,99,,0,Available but not written,0,1,Like all other ART patients,Like all ART patients,1,,1,username:dc12,FULL,,,,uuid:1a715c07-cd01-4af3-8691-96b7f6736cd3,username:dc12
uuid:f9ac3e2d-fd87-47a8-a4ce-7b6567a01590,commodity_tracker,en_US,COMPLETE,2023-12-12T07:17:12.768000000,username:dc47,false,uuid:b9682493-9603-41b9-bbbd-5c2f7f139c10,2023-12-12,4,25,45,3,,99,99,,,,,,99,,,99,,99,,0,,99,,0,,1,,0,,,,1,,1,,,,,,99,,0,99,,,99,,0,,,,,,,,,,0,,0,,0,,0,,0,,,,,,0,,99,,0,0,,,0,,0,,0,99,,,99,,1,1,,,1,1,,,,,1,1,,,1,1,,,,,1,1,,0,,1,,0,,,0,,1,0,,,0,,1,,1,,0,,1,,1,,1,,0,,99,,99,,1,,1,1,,,1,,1,username:dc47,FULL,,,,uuid:01716221-3466-40bd-b6fd-f97af97c3664,username:dc47
uuid:fbc3a296-99d8-4515-867c-dcb56dea0f70,commodity_tracker,en_US,COMPLETE,2023-11-09T08:13:51.006000000,username:dc48,false,uuid:b9682493-9603-41b9-bbbd-5c2f7f139c10,2023-11-09,4,26,40,1,Samples are sent to Paray Hospital,0,99,,,,,,99,,,99,,99,,99,,99,,99,,99,,99,,,Test kits not available,0,Samples sent to Paray,0,,,,,,99,,0,99,Not ordered,,99,,0,,,,,,,,,,0,,0,,0,,0,,0,,,,,,0,,99,,0,0,,,99,,99,,0,99,,,99,,1,1,,,1,1,,,,,1,1,,,1,1,,,,,0,1,,0,,1,,0,,,0,,1,0,,,1,,0,Tracked through VHW or LENEPHWA retention case worker,1,Paray lab does serum crAg testing for all patients with CD4 count less than 200,1,,1,Samples transported through ridders,1,,1,,0,,99,,99,,1,,1,1,Through VHW,,1,,1,username:dc48,FULL,,,,uuid:5cba31ae-7308-44ae-b630-86f99a0acd9a,username:dc48
uuid:fe2f1a4d-adfe-4547-849f-9dd49ca46bb3,commodity_tracker,en_US,COMPLETE,2023-11-16T11:57:37.116000000,username:dc11,false,uuid:b9682493-9603-41b9-bbbd-5c2f7f139c10,2023-05-31,1,15,11,1,,99,99,,,,,,99,,,99,,99,,99,,99,,99,,99,,99,,,,99,,99,,,,,,99,,0,99,,,99,,1,,,,,,,,,,0,,0,,0,,0,,0,,,,,,0,,99,,0,0,,,99,,0,,0,99,,,99,,1,1,,,1,1,,,,,1,1,,,1,1,,,,,1,1,,0,,1,,0,,,0,,1,0,,,1,,1,,1,,99,,1,,1,,1,,1,,99,,99,,1,,0,0,,,0,,1,username:dc11,FULL,,,,uuid:8469f053-795e-4f03-a9f6-98ecf67d748e,username:dc11
uuid:ffb9da8a-8520-4509-bf45-4257192e979f,commodity_tracker,en_ZA,COMPLETE,2024-04-05T08:30:30.702000000,username:dc16,false,uuid:b9682493-9603-41b9-bbbd-5c2f7f139c10,2023-11-01,1,14,62,5,,0,0,,,,,,1,,,0,,0,,0,,0,,0,,0,,1,,,,1,,1,,,,,,0,,0,99,,,99,,1,,,,,,,,,,0,,0,,0,,1,,1,,,,,,0,,99,,0,0,,,99,,0,,1,99,,,99,,1,1,,,1,1,,,,,1,1,,,1,1,,,,,1,1,,0,,1,,0,,,0,,1,0,,,1,,1,,1,,0,,1,,1,,1,,0,,99,,99,,0,,1,1,,,1,,1,username:dc16,FULL,,,,uuid:d278b0c1-73b0-4ec9-a481-7baead3f398c,username:dc16
